{
    "loss": 0.4909479320049286,
    "accuracy": 0.9396551847457886
}